{
  "project_info": {
    "project_number": "279004447932",
    "firebase_url": "https://fakeapp-f7543.firebaseio.com",
    "project_id": "fakeapp-f7543",
    "storage_bucket": "fakeapp-f7543.appspot.com"
  },
  "client": [
    {
      "client_info": {
        "mobilesdk_app_id": "1:279004447932:android:5ab16f66762e7289bc7cb9",
        "android_client_info": {
          "package_name": "com.android.videofake"
        }
      },
      "oauth_client": [
        {
          "client_id": "279004447932-2rllhuh0grl0a70gtb6hr3ag7dhpu8j9.apps.googleusercontent.com",
          "client_type": 3
        }
      ],
      "api_key": [
        {
          "current_key": "AIzaSyA0s73NteakOp53vvDzdHvcIcVzP9GhHJA"
        }
      ],
      "services": {
        "appinvite_service": {
          "other_platform_oauth_client": [
            {
              "client_id": "279004447932-2rllhuh0grl0a70gtb6hr3ag7dhpu8j9.apps.googleusercontent.com",
              "client_type": 3
            }
          ]
        }
      }
    }
  ],
  "configuration_version": "1"
}